<?xml version="1.0" encoding="UTF-8"?>
<database defaultIdMethod="native" name="thelia"
          xmlns:xsi="http://www.w3.org/2001/XMLSchema-instance"
          xsi:noNamespaceSchemaLocation="../../../core/vendor/propel/propel/resources/xsd/database.xsd" >
    <!--
    See propel documentation on http://propelorm.org for all information about schema file

    <table name="product_rel" namespace="HookCalendar\Model">
        <column autoIncrement="true" name="id" primaryKey="true" required="true" type="INTEGER" />
        <column defaultValue="0" name="visible" required="true" type="TINYINT" />
        <column defaultValue="0" name="position" required="true" type="INTEGER" />
        <column name="title" size="255" type="VARCHAR" />
        <column name="description" type="CLOB" />
        <column name="chapo" type="LONGVARCHAR" />
        <column name="postscriptum" type="LONGVARCHAR" />
        <foreign-key foreignTable="product" name="fk_product_id" onDelete="CASCADE" onUpdate="RESTRICT">
            <reference foreign="id" local="product_id" />
        </foreign-key>
        <behavior name="timestampable" />
        <behavior name="i18n">
            <parameter name="i18n_columns" value="title, description, chapo, postscriptum" />
        </behavior>
        <behavior name="versionable">
            <parameter name="log_created_at" value="true" />
            <parameter name="log_created_by" value="true" />
        </behavior>
    </table>
    -->
    <external-schema filename="local/config/schema.xml" referenceOnly="true" />
</database>
